H 9,444950
5 G,425950
4 W,349950
7 E,349950
9 E,349950
9 L,349950
7 Y,324950
TUR 80S,249950
1 WK,174950
5 SB,125950
YR 1,125000
O 80,124950
99 P,99999
81 LL,99950
83 C,99950
4 MK,89950
8 RC,89950
81 S,89950
8 OLD,88888
31 A,84950
141 N,75000
400 GT,75000
11 AJ,74950
44 X,74950
5 KK,74950
35 J,69950
91 J,69950
250 M,64250
222 M,59950
6 DA,59950
GL 4,59950
130 YS,55000
UGO 1,55000
42 E,54950
9 GD,52500
1 OUS,49950
1 WAV,49950
21 T,49950
330 FER,49950
37 K,49950
4 GL,49950
555 H,49950
6 JN,49950
F1 ASH,49950
GJ 11,49950
JOH 11,49950
WH 3,49950
6 UO,49888
9 WG,49500
C1 UBS,49500
CLU 8S,49500
5 HG,44950
JC 55,44950
1 YOT,39950
37 Y,39950
49 Y,39950
79 V,39950
9 JY,39950
993 X,36993
59 V,36950
1 UVS,34950
9 LEE,34950
J4 SDN,34950
42 SH,32950
72 RR,32950
99 AH,32950
MUG 4L,32950
MSS 11,32500
458 FER,32458
55 DH,31950
99 DH,31950
123 SH,29950
18 UL,29950
2 HSU,29950
2 RSU,29950
22 AJ,29950
500 J,29950
95 RM,29950
96 RM,29950
99 JK,29950
BEU 7Y,29950
SOI 1,29950
41 ANS,29500
70 JK,28950
HC 10,27500
MW 62,26950
44 MK,25950
53 AB,25950
118 M,25118
NOW 41S,25000
UNR 34L,25000
222 V,24950
400 P,24950
72 AP,24950
73 GT,24950
87 MC,24950
9 MSK,24950
93 SC,24950
A55 ETS,24950
FLO 5S,24950
1 JOX,22950
1 THN,22950
28 GT,22950
300 MB,22950
41 AG,22950
66 JT,22950
79 JO,22950
MG 96,22950
900 SH,21950
XDB 1,21950
200 L,20950
600 RC,20950
ROB 23,20950
1 OTK,19950
1 VCY,19950
121 RC,19950
20 PK,19950
30 RJ,19950
321 AW,19950
321 DW,19950
321 MB,19950
38 GM,19950
43 CS,19950
48 TK,19950
49 DL,19950
500 SS,19950
53 LM,19950
555 JD,19950
65 NS,19950
68 CT,19950
73 CG,19950
76 JT,19950
76 LM,19950
777 AP,19950
816 SAM,19950
819 SAM,19950
83 TC,19950
84 CS,19950
88 DJ,19950
94 DG,19950
95 PW,19950
97 DG,19950
99 RJ,19950
FRD 1E,19950
JAM 31,19950
RJ 62,19950
600 RS,19911
600 MH,18950
700 MH,18950
300 V,17950
39 DS,17950
FPN 1,17950
550 T,17550
15 OJ,17500
JK 444,17500
K54 MRA,17500
1 FEY,16950
1 KWY,16950
63 BS,16950
82 DS,16950
48 OB,16500
CHA 1P,16500
200 PJ,16450
700 PJ,16450
430 N,16430
11 NY,15950
121 SP,15950
30 LD,15950
321 AC,15950
33 DK,15950
333 GS,15950
55 SN,15950
88 MAX,15950
1 FKV,14950
1 MEU,14950
212 RM,14950
44 TR,14950
51 BK,14950
58 DJ,14950
6 DCP,14950
60 NJ,14950
64 EE,14950
666 ST,14950
77 FH,14950
84 DE,14950
90 LEE,14950
900 GS,14950
92 BF,14950
93 CA,14950
94 DJ,14950
97 CA,14950
98 CA,14950
HUN 73D,14950
J45 SON,14950
OSC 42S,14950
PRA 54D,14950
RAV 3S,14950
RWD 70Y,14911
3 NES,14500
700 JT,13950
1 YDL,12950
11 HPS,12950
242 D,12950
30 TL,12950
400 MD,12950
400 TC,12950
55 LEE,12950
55 UE,12950
6 SGS,12950
74 NN,12950
83 CCS,12950
9 SJF,12950
99 BN,12950
BEX 77,12950
D4 NNN,12950
GLE 11S,12950
OLL 1V,12950
4 NAJ,12500
8 LLE,12500
BAL 91R,12500
T34 GAN,12500
W 673,12500
NUM 63R,12345
20 CKY,11950
20 KAM,11950
400 MF,11950
85 HC,11950
9 BKS,11950
900 LH,11950
92 NT,11950
95 ASH,11950
96 DN,11950
98 DN,11950
B36 KYS,11950
700 DR,11450
800 DR,11450
7 CES,11000
111 JLH,10950
30 JEN,10950
321 JJ,10950
400 JJ,10950
444 CJ,10950
600 CJ,10950
65 MJM,10950
840 DB,10950
88 OL,10950
LM 501,10950
MSJ 4,10950
PNS 8,10950
H1 OOO,10000
SOF 73R,9999
3 LSP,9950
300 LW,9950
4 FDW,9950
5 GON,9950
60 KN,9950
76 SJW,9950
850 JK,9950
950 MD,9950
98 WS,9950
999 LW,9950
AFZ 47,9950
ALL 84D,9950
AYM 41N,9950
BAN 73R,9950
BEN 37T,9950
DFH 22,9950
H2 FND,9950
HER 84L,9950
HOT 83T,9950
JEF 15,9950
JEN 13S,9950
KUL 61R,9950
MIL 145,9950
MRM 5K,9950
NUT 77A,9950
RIA 24,9950
SAD 3Y,9950
SOH 8N,9950
THE 54X,9950
YAN 1K,9950
450 JJ,9450
600 JA,9250
6 DBT,9007
111 JJR,8950
400 TM,8950
5 NSK,8950
600 LD,8950
89 SUE,8950
999 CT,8950
JSJ 6,8950
JSM 81,8950
TAR 93T,8888
55 JJM,8500
NOE 11S,8500
TOP 14D,8500
84 ANP,8400
8000 T,8000
10 BKS,7950
444 WS,7950
EBN 2,7950
KPL 4,7950
PNS 911,7911
2019 AK,7500
C44 NDY,7500
F4 LTH,7500
GLA 23D,7500
GLA 23S,7500
M24 LOW,7500
URU 55V,7500
550 BM,7450
6969 R,6969
100 JDA,6950
3 NTL,6950
6 GRJ,6950
9 ATJ,6950
HUN 7A,6950
J27 SON,6950
JON 53Y,6950
JON 55S,6950
P42 KSY,6950
PHO 81E,6950
T50 HAL,6950
BUG 91E,6911
GJ 893,6750
SCA 12Y,6666
KUM 42S,6650
500 RAY,6500
3 RTP,6450
600 OD,6000
555 KJ,5950
ALL 17N,5950
B36 KKY,5950
DEE 94S,5950
FOS 72R,5950
J24 RED,5950
KAN 66S,5950
M21 LLS,5950
M47 LOK,5950
OLL 8Y,5950
83 LKS,5750
5594 SM,5594
XKE 6C,5500
B1 ENN,5450
GLO 55S,5450
271 PP,5250
F5 ORC,5250
MRN 5S,5200
Y4 NGS,5000
728 CAM,4995
68 PDS,4950
9 ANO,4950
ALF 538,4950
CAR 44A,4950
CHE 44T,4950
DJC 734,4950
DUM 93R,4950
DUT 7N,4950
F1 MUL,4950
F11 YNS,4950
G3 RRS,4950
GUP 1L,4950
J47 RAJ,4950
JS 7773,4950
K24 DEN,4950
L26 NNE,4950
LAY 73N,4950
M26 PHY,4950
M28 DDY,4950
M28 LLY,4950
M29 PHY,4950
PUT 3D,4950
S11 PPU,4950
SEC 23T,4950
T10 UCH,4950
TIL 155,4950
W11 OYD,4950
WJY 7,4950
5000 SE,4911
KAZ 84,4900
SW 9762,4750
WBA 68C,4680
62 DKT,4500
5 TVK,4450
R26 SHD,4450
TAW 1G,4400
JR 3293,4350
WWL 83M,4000
400 WP,3950
6095 R,3950
AS 3441,3950
C21 EAM,3950
C22 EAM,3950
CAT 77S,3950
D12 AWS,3950
ELA 73D,3950
F10 RCE,3950
G12 OWN,3950
GAF 140,3950
GAL 33S,3950
M21 AHS,3950
M24 DOX,3950
M26 GAN,3950
M26 SON,3950
M29 GAN,3950
M29 LLY,3950
M29 TTY,3950
M31 AHS,3950
PJH 370,3950
STU 88T,3950
PMB 993,3911
