H 9,494950
4 W,424950
7 E,424950
9 E,424950
9 L,424950
TUR 80S,249950
50 A,129950
5 SB,125950
YR 1,124950
11 RM,114950
40 C,114950
R 81,114500
31 A,99950
81 S,99950
83 C,99950
KS 3,99950
KS 4,99950
MK 4,99950
S 39,99950
38 J,97500
4 MK,89950
8 RC,89950
8 OLD,88888
5 KK,79950
DW 11,79950
35 H,74950
44 X,74950
7 LS,74950
48 H,69950
9 GD,69950
MF 7,69950
6 DA,64950
1 WAV,59950
42 E,59950
GL 4,59950
WH 3,59950
992 ST,50992
130 YS,49950
222 M,49950
250 M,49950
330 FER,49950
4 GL,49950
41 ANS,49950
5 NF,49950
6 JN,49950
8 WJ,49950
9 WG,49950
C1 UBS,49500
CLU 8S,49500
37 Y,44950
49 Y,44950
79 V,44950
JH 70,44950
7 KE,42950
321 X,40321
UGO 1,39950
430 S,39430
76 JH,36950
9 LEE,36950
1 YOT,34950
70 JK,34950
AJ 55,34950
24 SH,32950
400 GT,32950
42 SH,32950
52 JC,32950
55 DH,32950
72 RR,32950
77 KM,32950
99 DH,32950
KSB 11,32500
32 DH,31950
55 DW,31950
DW 55,31950
997 P,29997
18 UL,29950
44 AJ,29950
444 C,29950
500 J,29950
96 RM,29950
99 JK,29950
MW 62,29950
980 P,29911
12 TDF,29250
28 GT,25950
53 AB,25950
73 GT,25950
UNR 34L,25000
1 FEY,24950
1 JOX,24950
1 THN,24950
222 V,24950
321 MB,24950
400 P,24950
41 AG,24950
72 AP,24950
78 MC,24950
79 JO,24950
87 MC,24950
9 MSK,24950
J45 SON,24950
NYC 80Y,24950
SR 64,24950
600 RS,24911
1 VCY,22950
200 L,22950
300 MB,22950
321 MS,22950
65 NS,22950
66 JT,22950
BEU 7Y,22950
777 W,22777
321 DM,21950
321 JD,21950
321 MC,21950
321 V,21950
777 AP,21950
83 TC,21950
33 DJ,21750
XDB 1,21500
321 AC,20950
33 DK,20950
444 SW,20950
53 LM,20950
600 RB,20950
600 RC,20950
76 JT,20950
87 BB,20950
98 TW,20950
1 LHJ,19950
1 OTK,19950
1 XHB,19950
121 DH,19950
121 PB,19950
30 RJ,19950
300 V,19950
37 DF,19950
400 MC,19950
43 CS,19950
48 MJ,19950
48 TK,19950
500 SS,19950
555 JD,19950
61 DG,19950
68 CT,19950
72 PJ,19950
73 CG,19950
777 PM,19950
79 DJ,19950
816 SAM,19950
819 SAM,19950
83 NK,19950
84 CS,19950
888 DM,19950
91 LK,19950
91 TH,19950
94 DG,19950
95 PW,19950
97 DG,19950
97 NK,19950
JAM 31,19950
PJ 42,19950
RJ 62,19950
964 SH,19911
43 CD,18950
55 SN,18950
600 MH,18950
700 MH,18950
IG 15,18950
247 JS,18365
121 SP,17950
333 SJ,17950
444 JO,17950
48 CJ,17950
88 MAX,17950
97 HH,17950
FPN 1,17950
JW 444,17950
800 AS,17800
550 T,17550
15 OJ,17500
JK 444,17500
94 SE,17450
1 KWY,16950
42 OE,16950
48 OB,16950
58 DJ,16950
650 PB,16950
84 HW,16950
96 HW,16950
97 HW,16950
W 673,16500
200 PJ,16450
700 PJ,16450
333 GS,15950
650 X,15950
85 HC,15950
94 CU,15950
NOW 41S,15950
PN 51,15950
1 FKV,14950
1 HXF,14950
1 MEU,14950
2 LCD,14950
30 TL,14950
321 JJ,14950
44 TR,14950
51 BK,14950
6 DCP,14950
60 NJ,14950
666 ST,14950
69 ES,14950
7 LAH,14950
700 JT,14950
77 FH,14950
8 SOL,14950
84 DE,14950
90 LEE,14950
900 GS,14950
92 BF,14950
93 CA,14950
97 CA,14950
98 CA,14950
98 WS,14950
HUN 73D,14950
KSB 18,14950
MAC 1T,14950
OSC 42S,14950
SJM 12,14950
72 LE,14911
3 NES,14500
1375 GO,14321
1 YDL,12950
11 HPS,12950
400 JJ,12950
400 MD,12950
400 TC,12950
55 LEE,12950
55 UE,12950
6 SGS,12950
600 CJ,12950
64 EE,12950
83 CCS,12950
84 YM,12950
86 GF,12950
88 OL,12950
9 SJF,12950
90 TN,12950
900 JJ,12950
937 D,12950
99 BN,12950
BEX 77,12950
D4 NNN,12950
RAV 3S,12950
RIA 24,12950
60 DLS,12911
993 AP,12911
997 DB,12911
RWD 70Y,12911
4 NAJ,12500
T34 GAN,12500
NUM 63R,12345
10 MWB,11950
19 LAM,11950
20 KAM,11950
444 DG,11950
650 MR,11950
66 WO,11950
700 DR,11950
800 DR,11950
850 JK,11950
9 BKS,11950
900 LH,11950
911 PDJ,11950
950 MR,11950
950 SK,11950
96 DN,11950
98 DN,11950
B36 KYS,11950
JSJ 6,11950
TIA 55,11950
111 JLH,10950
21 TRU,10950
22 TRU,10950
44 XT,10950
444 TJ,10950
650 GC,10950
7 STJ,10950
840 DB,10950
850 GC,10950
90 MEL,10950
999 LW,10950
LM 501,10950
PNS 8,10950
TGM 4,10950
CL 911,10495
SOF 73R,9999
112 SP,9950
12 MLR,9950
171 LW,9950
3 LSP,9950
321 LK,9950
4 FDW,9950
5 GON,9950
555 KJ,9950
600 LD,9950
65 ORR,9950
666 SCO,9950
76 SJW,9950
78 JLR,9950
83 JJP,9950
950 MD,9950
AFZ 47,9950
ALL 84D,9950
AYM 41N,9950
BAN 73R,9950
BEN 37T,9950
DFH 22,9950
G1 OAT,9950
H2 FND,9950
HOT 83T,9950
KUL 61R,9950
MIL 145,9950
NUT 77A,9950
VEN 9S,9950
YAN 1K,9950
2 MWJ,9450
450 JJ,9450
950 BP,9450
6 DBT,9007
111 JJR,8950
2 LHJ,8950
3 MWJ,8950
300 TG,8950
400 TM,8950
444 WS,8950
5 NSK,8950
89 SUE,8950
98 ASK,8950
999 CT,8950
GEH 5,8950
JEF 15,8950
JJS 64,8950
JSM 81,8950
PNS 911,8911
TAR 93T,8888
K54 MRA,8750
NOE 11S,8500
TOP 14D,8500
10 BKS,7950
300 ACB,7950
EBN 2,7950
SIG 111,7950
TOR 4J,7950
600 ACB,7850
700 ACB,7850
800 ACB,7750
900 ACB,7750
C44 NDY,7500
F4 LTH,7500
GLA 23S,7500
M24 LOW,7500
SAD 3Y,7500
URU 55V,7500
6969 R,6969
100 JDA,6950
15 AWC,6950
23 BAK,6950
6 GRJ,6950
HER 84L,6950
HUN 7A,6950
MRM 5K,6950
T50 HAL,6950
PJB 992,6911
24 BAK,6750
GJ 893,6750
SCA 12Y,6666
25 BAK,6450
J47 RAJ,6450
PHO 81E,6450
23 TRU,5950
3 SOJ,5950
816 AJF,5950
CAR 44A,5950
FOS 72R,5950
J24 RED,5950
KAN 66S,5950
KJW 94,5950
M21 LLS,5950
D24 KAR,5911
P42 KSY,5750
5594 SM,5594
83 LKS,5500
XKE 6C,5500
ALF 538,5450
B36 KKY,5450
J27 SON,5450
JS 7773,5450
WJY 7,5450
271 PP,5250
MRN 5S,5200
