1 WK,150000
1 TNK,49995
EMA 2,39995
16 AL,29995
222 J,29950
444 J,29950
600 J,26950
400 J,26950
79 DM,24950
84 GT,22895
222 DC,21950
333 SW,21950
73 MK,21950
121 SW,20950
666 MS,19995
44 CK,19995
999 MH,19950
90 CK,19950
38 JT,19950
444 GT,18950
333 MH,18950
36 CK,18950
16 NL,17995
2 WRX,17500
444 RM,16950
DAV 13E,14995
222 ST,14950
222 DS,12950
444 DS,12950
444 LH,12950
777 LH,12950
99 PN,12950
666 PW,11950
444 PW,11950
AMY 3S,9995
444 BH,9995
666 LW,9995
444 DF,9950
555 DF,9950
222 DT,9950
T11 RES,7500
700 TK,6950
ROB 33Y,5995
TAF 777,5995
88 WRX,5995
V16 KEY,5950
T11 YRS,5000
MOL 33Y,4995
888 WRX,4995
