7 KC,49995
9 JL,49995
8 EW,39995
85 DW,22995
87 PC,22995
T10 MMY,19995
1 AWC,19995
50 MO,17995
82 EB,14995
11 MLD,12995
9 AND,12995
KAT 1H,10995
M42 TYN,9995
97 KG,9995
NJT 6,9995
XUR 1,9995
84 LU,7995
900 BC,7695
67 JEN,7495
850 KT,6995
98 RJH,6995
A1 AJM,6995
SMR 88,6995
68 RJH,6795
98 DRM,5995
JEF 63,5795
H22 NAH,3995
K21 LLY,3995
K31 ATY,3995
JDS 1E,3995
4950 JH,3795
JS 9748,3795
RWC 14,3250
6487 MH,2995
J25 DAN,2995
K21 THB,2995
K21 THM,2995
M31 DDY,2995
MRW 942,2995
ROD 266,2795
J31 COB,2750
H21 RLY,2500
1593 SR,2495
J28 MMA,2495
JDC 372,2495
RUB 152,2495
