NC 1,295000
DB 4,225000
80 XER,195000
WG 1,195000
DB 9,159000
MC 11,145000
R 81,145000
S 62,99500
53 J,97500
73 C,94995
M 39,94995
6 PH,94995
59 C,89995
6 LH,89995
6 MH,89995
88 T,84995
J6 SUS,79995
6 BR,75000
1 VET,69995
9 NP,67500
7 WC,64995
6 BT,59995
8 HD,59995
3 PA,59995
7 VB,59995
6 ED,57500
58 W,57500
10 MH,54995
8 BN,54995
32 AK,28995
66 LH,28995
15 LR,28995
93 CW,26995
66 GK,24995
VAU 1,24995
69 NB,22500
58 NH,22500
1 VPB,22500
GAM 3S,19995
PHE 3E,19995
1 KYT,19995
1 SLV,19995
541 Y,19995
888 DM,19950
JC 248,18995
1000 G,18950
854 MS,17995
D9 NYS,16995
2 FAL,16995
DAM 7,15995
48 FH,15995
820 W,15995
POG 6A,14995
62 FA,14995
88 FD,14995
74 MAX,13995
960 AR,12995
41 BEN,12995
CL 911,12995
1818 M,12995
722 GS,11995
124 KW,11995
RM 390,11995
PSF 2,11995
H9 LEN,10995
75 UE,10995
11 CAP,10950
YAH 74H,9995
KRH 15,9995
10 MDC,9995
14 RJP,9995
5 CGM,9950
MCD 40,9495
110 BH,8995
71 SJP,8995
TAB 18,8995
550 TB,8995
HES 8,8995
3 MEN,8950
411 AML,7996
RS 8257,7995
330 DG,7995
907 NW,7995
E5 SOM,7995
6 GNW,7995
5 HTD,7995
LRV 7,7995
846 SC,7750
CAT 13S,6995
F24 MER,6995
TEN 10S,6995
55 HEW,6995
MOD 6L,6995
EAT 1M,6950
HAM 1M,6950
161 KM,6495
SO11 NJA,5995
AA 9039,5995
415 AJB,5995
DOC 71R,5995
G26 ETH,5995
G27 ETH,5995
JCW 883,5995
J21 MAL,5995
H23 VEY,5995
414 CR,5995
NOV 3L,5995
BUG 1G,5950
DUN 1G,5950
ROT 1N,5950
SUE 894,5750
JAK 1N,5750
8 AXJ,5495
C25 BRA,4995
C27 BRA,4995
C29 BRA,4995
G74 CEY,4995
A24 CHY,4995
F22 EDY,4995
G25 ETH,4995
G23 GES,4995
D23 GON,4995
HAY 26N,4995
B26 KER,4995
B29 KER,4995
J21 LED,4995
D22 LEY,4995
F29 LEY,4995
MAL 80Y,4995
E22 MMY,4995
L25 NDA,4995
L26 NDA,4995
L29 NNY,4995
OO 1647,4995
H21 PER,4995
H26 PER,4995
H27 PER,4995
H29 PER,4995
H26 RYS,4995
F23 SER,4995
H22 SON,4995
M25 SON,4995
C29 TER,4995
A26 TON,4995
A28 TON,4995
A29 TON,4995
D22 VES,4995
ECO 1F,4995
UCA 5H,4950
DM 9924,4750
7709 H,4750
CC 2048,4695
102 DK,4695
